http	80/tcp	0.484143
ipp	631/udp	0.450281
snmp	161/udp	0.433467
netbios-ns	137/udp	0.365163
ntp	123/udp	0.330879
netbios-dgm	138/udp	0.297830
ms-sql-m	1434/udp	0.293184
microsoft-ds	445/udp	0.253118
msrpc	135/udp	0.244452
dhcps	67/udp	0.228010
telnet	23/tcp	0.221265
domain	53/udp	0.213496
https	443/tcp	0.208669
ftp	21/tcp	0.197667
netbios-ssn	139/udp	0.193726
ssh	22/tcp	0.182286
isakmp	500/udp	0.163742
dhcpc	68/udp	0.140118
route	520/udp	0.139376
upnp	1900/udp	0.136543
smtp	25/tcp	0.131314
nat-t-ike	4500/udp	0.124467
syslog	514/udp	0.119804
unknown	49152/udp	0.116002
snmptrap	162/udp	0.103346
tftp	69/udp	0.102835
zeroconf	5353/udp	0.100166
rpcbind	111/udp	0.093988
unknown	49154/udp	0.092369
ms-wbt-server	3389/tcp	0.083904
pop3	110/tcp	0.077142
L2TP	1701/udp	0.076163
puparp	998/udp	0.073395
vsinet	996/udp	0.073362
maitrd	997/udp	0.073247
applix	999/udp	0.073230
netassistant	3283/udp	0.066072
unknown	49153/udp	0.060743
microsoft-ds	445/tcp	0.056944
radius	1812/udp	0.053839
profile	136/udp	0.051862
netbios-ssn	139/tcp	0.050809
imap	143/tcp	0.050420
domain	53/tcp	0.048463
msantipiracy	2222/udp	0.047902
msrpc	135/tcp	0.047798
mysql	3306/tcp	0.045390
nfs	2049/udp	0.044531
omad	32768/udp	0.044407
sip	5060/udp	0.044350
http-proxy	8080/tcp	0.042052
blackjack	1025/udp	0.041813
ms-sql-s	1433/udp	0.036821
IISrpc-or-vat	3456/udp	0.036607
http	80/udp	0.035767
pptp	1723/tcp	0.032468
rpcbind	111/tcp	0.030034
pop3s	995/tcp	0.029921
imaps	993/tcp	0.027199
bakbonenetvault	20031/udp	0.025490
win-rpc	1026/udp	0.024777
echo	7/udp	0.024679
vnc	5900/tcp	0.023560
radacct	1646/udp	0.023196
radius	1645/udp	0.023180
http-rpc-epmap	593/udp	0.022933
NFS-or-IIS	1025/tcp	0.022406
ntalk	518/udp	0.022208
dls-monitor	2048/udp	0.021549
serialnumberd	626/udp	0.021473
unknown	1027/udp	0.019822
submission	587/tcp	0.019721
xdmcp	177/udp	0.018551
h323gatestat	1719/udp	0.018500
svrloc	427/udp	0.018270
retrospect	497/udp	0.017348
sun-answerbook	8888/tcp	0.016522
krb524	4444/udp	0.016343
unknown	1023/udp	0.016188
unknown	65024/udp	0.016064
smux	199/tcp	0.015945
chargen	19/udp	0.015865
discard	9/udp	0.015733
unknown	49193/udp	0.015562
solid-mux	1029/udp	0.014536
h323q931	1720/tcp	0.014277
tacacs	49/udp	0.014020
smtps	465/tcp	0.013888
kerberos-sec	88/udp	0.013476
ms-lsa	1028/udp	0.013443
wdbrpc	17185/udp	0.013395
h225gatedisc	1718/udp	0.012554
unknown	49186/udp	0.012550
afp	548/tcp	0.012395
ident	113/tcp	0.012370
hosts2-ns	81/tcp	0.012056
X11:1	6001/tcp	0.011730
cisco-sccp	2000/udp	0.011697
snet-sensor-mgmt	10000/tcp	0.011692
BackOrifice	31337/udp	0.011469
shell	514/tcp	0.011078
unknown	49192/udp	0.011044
unknown	49201/udp	0.011044
printer	515/udp	0.011022
rockwell-csp2	2223/udp	0.010902
https	443/udp	0.010840
sip	5060/tcp	0.010613
unknown	49181/udp	0.010542
bgp	179/tcp	0.010538
radacct	1813/udp	0.010429
LSA-or-nterm	1026/tcp	0.010237
cfdptkt	120/udp	0.010181
pcmail-srv	158/udp	0.010148
cisco-sccp	2000/tcp	0.010112
unknown	49200/udp	0.010040
https-alt	8443/tcp	0.009986
http-alt	8000/tcp	0.009710
adobeserver-3	3703/udp	0.009580
unknown	32815/udp	0.009322
qotd	17/udp	0.009209
filenet-tms	32768/tcp	0.009199
upnp	5000/udp	0.008913
sometimes-rpc6	32771/udp	0.008490
unknown	33281/udp	0.008286
rtsp	554/tcp	0.008104
iad1	1030/udp	0.008007
rsftp	26/tcp	0.007991
asf-rmcp	623/udp	0.007929
exp2	1022/udp	0.007929
ms-sql-s	1433/tcp	0.007929
unknown	49152/tcp	0.007907
filenet-rpc	32769/udp	0.007768
pcanywherestat	5632/udp	0.007694
ndmp	10000/udp	0.007598
unknown	49156/udp	0.007530
unknown	49182/udp	0.007530
unknown	49191/udp	0.007530
unknown	49194/udp	0.007530
dc	2001/tcp	0.007339
wap-wsp	9200/udp	0.007268
printer	515/tcp	0.007214
unknown	30718/udp	0.007190
unknown	49185/udp	0.007028
unknown	49188/udp	0.007028
unknown	49190/udp	0.007028
unknown	49211/udp	0.007028
commplex-link	5001/udp	0.007018
llmnr	5355/udp	0.006938
http	8008/tcp	0.006843
unknown	49154/tcp	0.006767
sometimes-rpc4	32770/udp	0.006745
unknown	34555/udp	0.006732
unknown	34861/udp	0.006732
unknown	37444/udp	0.006732
IIS	1027/tcp	0.006724
iad3	1032/udp	0.006705
squid-ipc	3130/udp	0.006656
lockd	4045/udp	0.006656
iad2	1031/udp	0.006639
nrpe	5666/tcp	0.006614
ldp	646/tcp	0.006549
unknown	49158/udp	0.006526
unknown	49196/udp	0.006526
time	37/udp	0.006458
symantec-av	2967/udp	0.006425
upnp	5000/tcp	0.006423
icq	4000/udp	0.006392
ftps-data	989/udp	0.006277
apple-sasl	3659/udp	0.006277
pcanywheredata	5631/tcp	0.006248
rfa	4672/udp	0.006227
unknown	34862/udp	0.006214
telnet	23/udp	0.006211
ipp	631/tcp	0.006160
unknown	49153/tcp	0.006158
blackice-icecap	8081/tcp	0.006147
nfs	2049/tcp	0.006110
kerberos-sec	88/tcp	0.006072
unknown	49162/udp	0.006024
unknown	49187/udp	0.006024
unknown	49189/udp	0.006024
unknown	49195/udp	0.006024
finger	79/tcp	0.006022
vnc-http	5800/tcp	0.005947
veritas-ucl	2148/udp	0.005946
pop3pw	106/tcp	0.005934
ccproxy-ftp	2121/tcp	0.005834
nfsd-status	1110/tcp	0.005809
unknown	49155/tcp	0.005702
unknown	41524/udp	0.005697
X11	6000/tcp	0.005683
login	513/tcp	0.005595
amanda	10080/udp	0.005585
ftps	990/tcp	0.005570
wsdapi	5357/tcp	0.005474
svrloc	427/tcp	0.005382
sometimes-rpc8	32772/udp	0.005352
unknown	49156/tcp	0.005322
timbuktu	407/udp	0.005305
nameserver	42/udp	0.005288
klogin	543/tcp	0.005282
kshell	544/tcp	0.005269
unknown	33354/udp	0.005179
activesync-notify	1034/udp	0.005173
admdog	5101/tcp	0.005156
unknown	49180/udp	0.005020
unknown	49199/udp	0.005020
news	144/tcp	0.004981
unknown	1001/udp	0.004955
ms-wbt-server	3389/udp	0.004955
gnutella	6346/udp	0.004893
echo	7/tcp	0.004855
ftp	21/udp	0.004844
daytime	13/udp	0.004827
talk	517/udp	0.004794
instl_bootc	1068/udp	0.004778
ldap	389/tcp	0.004717
ajp13	8009/tcp	0.004642
ftps	990/udp	0.004625
danf-ak2	1041/udp	0.004625
fpitp	1045/udp	0.004625
hp-hcip	1782/udp	0.004625
X11:1	6001/udp	0.004625
keysrvr	19283/udp	0.004575
unknown	49171/udp	0.004518
unknown	49179/udp	0.004518
unknown	49184/udp	0.004518
unknown	49202/udp	0.004518
unknown	49205/udp	0.004518
unknown	49208/udp	0.004518
unknown	49209/udp	0.004518
unknown	49210/udp	0.004518
squid-http	3128/tcp	0.004516
sd	9876/udp	0.004498
snpp	444/tcp	0.004466
sygatefw	39213/udp	0.004446
abyss	9999/tcp	0.004441
airport-admin	5009/tcp	0.004416
mdbs_daemon	800/udp	0.004333
realserver	7070/tcp	0.004328
ldap	389/udp	0.004300
kpasswd5	464/udp	0.004300
nsstp	1036/udp	0.004295
mtqp	1038/udp	0.004295
sbl	1039/udp	0.004295
timbuktu-srv3	1419/udp	0.004267
aol	5190/tcp	0.004190
osu-nms	192/udp	0.004168
smux	199/udp	0.004152
unknown	44968/udp	0.004143
ppp	3000/tcp	0.004115
postgresql	5432/tcp	0.004090
ufsd	1008/udp	0.004020
unknown	49159/udp	0.004016
unknown	49166/udp	0.004016
upnp	1900/tcp	0.003977
mapper-ws_ethd	3986/tcp	0.003977
unknown	1024/udp	0.003964
netinfo-local	1033/udp	0.003964
daytime	13/tcp	0.003927
unknown	19682/udp	0.003922
unknown	22986/udp	0.003922
ssh	22/udp	0.003905
ms-lsa	1029/tcp	0.003801
discard	9/tcp	0.003764
globe	2002/udp	0.003740
ida-agent	5051/tcp	0.003649
unknown	6646/tcp	0.003649
secure-aux-bus	664/udp	0.003634
exp1	1021/udp	0.003634
unknown	11487/udp	0.003634
unknown	49157/tcp	0.003573
unknown	49163/udp	0.003514
unknown	49165/udp	0.003514
unknown	49168/udp	0.003514
unknown	49172/udp	0.003514
unknown	58002/udp	0.003514
boinc	1043/udp	0.003493
unknown	1028/tcp	0.003421
rsync	873/tcp	0.003400
wms	1755/tcp	0.003350
pn-requester	2717/tcp	0.003345
radmin	4899/tcp	0.003337
corba-iiop	683/udp	0.003304
unknown	1019/udp	0.003304
dcutility	1044/udp	0.003304
td-postman	1049/udp	0.003304
vrtstrapserver	1885/udp	0.003304
apc-3052	3052/udp	0.003304
sentinel-lm	5093/udp	0.003304
nat-pmp	5351/udp	0.003304
X11	6000/udp	0.003304
unknown	7938/udp	0.003304
securid	5500/udp	0.003295
jetdirect	9100/tcp	0.003287
unknown	16680/udp	0.003268
unknown	27892/udp	0.003268
nntp	119/tcp	0.003262
sometimes-rpc10	32773/udp	0.003238
time	37/tcp	0.003161
cadlock	1000/tcp	0.003149
nessus	3001/tcp	0.003124
unknown	35777/udp	0.003107
unknown	41058/udp	0.003107
auth	113/udp	0.003031
commplex-link	5001/tcp	0.003023
unknown	49160/udp	0.003012
unknown	49169/udp	0.003012
unknown	49174/udp	0.003012
unknown	52225/udp	0.003012
mdc-portmapper	685/udp	0.002973
hcp-wismar	686/udp	0.002973
neod1	1047/udp	0.002973
vfo	1056/udp	0.002973
leoip	1886/udp	0.002973
X11:4	6004/udp	0.002973
sophos	8193/udp	0.002973
landesk-cba	38293/udp	0.002970
hp-managed-node	782/udp	0.002933
xfer	82/tcp	0.002923
concert	786/udp	0.002900
rxapi	10010/tcp	0.002889
landesk-cba	38037/udp	0.002869
iad1	1030/tcp	0.002860
sometimes-rpc12	32774/udp	0.002819
zeus-admin	9090/tcp	0.002747
msmq-mgmt	2107/tcp	0.002737
kdm	1024/tcp	0.002722
wpgs	780/udp	0.002718
socks	1080/udp	0.002685
sometimes-rpc14	32775/udp	0.002668
zephyr-clt	2103/tcp	0.002661
xfr	682/udp	0.002643
unknown	983/udp	0.002643
unknown	1014/udp	0.002643
brvread	1054/udp	0.002643
fpo-fns	1066/udp	0.002643
epnsdp	2051/udp	0.002643
unknown	6970/udp	0.002643
unknown	6971/udp	0.002643
apc-9950	9950/udp	0.002643
hp-collector	781/udp	0.002636
mmcc	5050/udp	0.002636
unknown	16832/udp	0.002614
unknown	16947/udp	0.002614
unknown	18449/udp	0.002614
unknown	19120/udp	0.002614
unknown	19503/udp	0.002614
unknown	19616/udp	0.002614
unknown	20019/udp	0.002614
unknown	20126/udp	0.002614
unknown	20389/udp	0.002614
unknown	21383/udp	0.002614
unknown	22846/udp	0.002614
unknown	22996/udp	0.002614
unknown	25375/udp	0.002614
unknown	27195/udp	0.002614
unknown	28547/udp	0.002614
unknown	29823/udp	0.002614
unknown	30303/udp	0.002614
unknown	30365/udp	0.002614
unknown	31073/udp	0.002614
unknown	31681/udp	0.002614
unknown	31891/udp	0.002614
X11:4	6004/tcp	0.002597
unknown	33355/udp	0.002589
unknown	42172/udp	0.002589
msmq	1801/tcp	0.002585
mmcc	5050/tcp	0.002584
sometimes-rpc22	32779/udp	0.002584
chargen	19/tcp	0.002559
unknown	49167/udp	0.002510
unknown	49175/udp	0.002510
unknown	49198/udp	0.002510
unknown	49204/udp	0.002510
unknown	49212/udp	0.002510
unknown	49213/udp	0.002510
unknown	49215/udp	0.002510
unknown	52503/udp	0.002510
unknown	53571/udp	0.002510
unknown	8031/tcp	0.002509
rfe	5002/udp	0.002504
danf-ak2	1041/tcp	0.002433
halflife	27015/udp	0.002432
unknown	255/tcp	0.002409
neod2	1048/tcp	0.002357
td-postman	1049/tcp	0.002357
remote-as	1053/tcp	0.002357
brvread	1054/tcp	0.002357
vfo	1056/tcp	0.002357
jstel	1064/tcp	0.002357
syscomlan	1065/tcp	0.002357
symantec-av	2967/tcp	0.002357
adobeserver-3	3703/tcp	0.002357
filemaker	5003/udp	0.002356
qotd	17/tcp	0.002346
afs3-fileserver	7000/udp	0.002339
who	513/udp	0.002323
lansource	1485/udp	0.002323
corba-iiop-ssl	684/udp	0.002313
ams	1037/udp	0.002313
neod2	1048/udp	0.002313
syscomlan	1065/udp	0.002313
ff-fms	1090/udp	0.002313
cft-0	1761/udp	0.002313
bacula-sd	9103/udp	0.002313
ccproxy-http	808/tcp	0.002296
rendezvous	3689/tcp	0.002283
sometimes-rpc18	32777/udp	0.002282
apertus-ldp	539/udp	0.002274
mobileip-agent	434/udp	0.002257
phonebook	767/udp	0.002257
bo2k	54321/udp	0.002246
squid-snmp	3401/udp	0.002241
iad2	1031/tcp	0.002221
mcidas	112/udp	0.002208
dcutility	1044/tcp	0.002205
bsquare-voip	1071/tcp	0.002205
vnc-1	5901/tcp	0.002145
biff	512/udp	0.002142
ock	1000/udp	0.002142
gnutella2	6347/udp	0.002142
newacct	100/tcp	0.002133
jetdirect	9102/tcp	0.002133
sbl	1039/tcp	0.002129
icslap	2869/tcp	0.002129
newoak	4001/tcp	0.002129
barracuda-bbs	5120/tcp	0.002129
xmpp	8010/tcp	0.002129
cslistener	9000/tcp	0.002129
rsvp_tunnel	363/udp	0.002125
eklogin	2105/tcp	0.002120
ldapssl	636/tcp	0.002083
unknown	32818/udp	0.002071
unknown	32931/udp	0.002071
unknown	33744/udp	0.002071
unknown	34125/udp	0.002071
unknown	34892/udp	0.002071
unknown	35438/udp	0.002071
unknown	36206/udp	0.002071
unknown	39888/udp	0.002071
unknown	40116/udp	0.002071
unknown	40441/udp	0.002071
unknown	40708/udp	0.002071
unknown	40732/udp	0.002071
unknown	40915/udp	0.002071
unknown	41081/udp	0.002071
unknown	41370/udp	0.002071
candp	42508/udp	0.002071
unknown	45441/udp	0.002071
directplaysrvr	47624/udp	0.002071
mtqp	1038/tcp	0.002053
rap	38/udp	0.002043
wpages	776/udp	0.002043
zebra	2601/tcp	0.002032
sometimes-rpc16	32776/udp	0.002013
unknown	49157/udp	0.002008
unknown	49161/udp	0.002008
unknown	49170/udp	0.002008
unknown	49173/udp	0.002008
unknown	49176/udp	0.002008
unknown	49197/udp	0.002008
unknown	49207/udp	0.002008
unknown	49503/udp	0.002008
unknown	50612/udp	0.002008
unknown	51717/udp	0.002008
unknown	54281/udp	0.002008
unknown	56141/udp	0.002008
unknown	58631/udp	0.002008
unknown	58640/udp	0.002008
unknown	61370/udp	0.002008
unknown	62287/udp	0.002008
unknown	63555/udp	0.002008
unknown	64513/udp	0.002008
tcpmux	1/tcp	0.001995
afs3-fileserver	7000/tcp	0.001995
dbase	217/udp	0.001993
acmaint_transd	775/udp	0.001993
sometimes-rpc1	1012/udp	0.001993
sanity	643/udp	0.001982
asipregistry	687/udp	0.001982
realm-rusd	688/udp	0.001982
pkix-3-ca-ra	829/udp	0.001982
ideafarm-door	902/udp	0.001982
unknown	959/udp	0.001982
mxxrlogin	1035/udp	0.001982
netarx	1040/udp	0.001982
afrog	1042/udp	0.001982
jstel	1064/udp	0.001982
cognex-insight	1069/udp	0.001982
fjicl-tep-a	1901/udp	0.001982
apc-2160	2160/udp	0.001982
ws-discovery	3702/udp	0.001982
vcom-tunnel	8001/udp	0.001982
unknown	8181/udp	0.001982
tambora	9020/udp	0.001982
unknown	9199/udp	0.001982
unknown	16402/udp	0.001961
unknown	16430/udp	0.001961
unknown	16918/udp	0.001961
unknown	17091/udp	0.001961
unknown	17455/udp	0.001961
unknown	17459/udp	0.001961
unknown	17573/udp	0.001961
unknown	17615/udp	0.001961
unknown	17616/udp	0.001961
unknown	17888/udp	0.001961
unknown	17939/udp	0.001961
unknown	17989/udp	0.001961
unknown	18004/udp	0.001961
unknown	18234/udp	0.001961
unknown	18331/udp	0.001961
unknown	18360/udp	0.001961
unknown	18582/udp	0.001961
unknown	18835/udp	0.001961
unknown	18980/udp	0.001961
unknown	19017/udp	0.001961
unknown	19039/udp	0.001961
unknown	19130/udp	0.001961
unknown	19165/udp	0.001961
unknown	19197/udp	0.001961
unknown	19294/udp	0.001961
unknown	19322/udp	0.001961
unknown	19332/udp	0.001961
unknown	19489/udp	0.001961
unknown	19600/udp	0.001961
unknown	19687/udp	0.001961
unknown	19933/udp	0.001961
unknown	20004/udp	0.001961
unknown	20359/udp	0.001961
unknown	21131/udp	0.001961
unknown	21212/udp	0.001961
unknown	21261/udp	0.001961
unknown	21298/udp	0.001961
unknown	21354/udp	0.001961
unknown	21621/udp	0.001961
unknown	21803/udp	0.001961
unknown	21902/udp	0.001961
unknown	22055/udp	0.001961
unknown	22341/udp	0.001961
unknown	22692/udp	0.001961
unknown	22695/udp	0.001961
unknown	22739/udp	0.001961
unknown	22799/udp	0.001961
unknown	22914/udp	0.001961
unknown	23040/udp	0.001961
unknown	23176/udp	0.001961
unknown	23354/udp	0.001961
unknown	23531/udp	0.001961
unknown	23557/udp	0.001961
unknown	23608/udp	0.001961
unknown	23679/udp	0.001961
unknown	23781/udp	0.001961
unknown	23965/udp	0.001961
unknown	23980/udp	0.001961
unknown	24007/udp	0.001961
unknown	24279/udp	0.001961
unknown	24511/udp	0.001961
unknown	24594/udp	0.001961
unknown	24606/udp	0.001961
unknown	24644/udp	0.001961
unknown	24854/udp	0.001961
unknown	24910/udp	0.001961
icl-twobase4	25003/udp	0.001961
unknown	25157/udp	0.001961
unknown	25240/udp	0.001961
unknown	25280/udp	0.001961
unknown	25337/udp	0.001961
unknown	25462/udp	0.001961
unknown	25541/udp	0.001961
unknown	25546/udp	0.001961
unknown	25709/udp	0.001961
unknown	25931/udp	0.001961
unknown	26407/udp	0.001961
unknown	26415/udp	0.001961
unknown	26720/udp	0.001961
unknown	26872/udp	0.001961
unknown	26966/udp	0.001961
unknown	27473/udp	0.001961
unknown	27482/udp	0.001961
unknown	27707/udp	0.001961
unknown	27899/udp	0.001961
unknown	28122/udp	0.001961
unknown	28369/udp	0.001961
unknown	28465/udp	0.001961
unknown	28493/udp	0.001961
unknown	28543/udp	0.001961
unknown	28641/udp	0.001961
unknown	28840/udp	0.001961
unknown	28973/udp	0.001961
unknown	29078/udp	0.001961
unknown	29243/udp	0.001961
unknown	29256/udp	0.001961
unknown	29810/udp	0.001961
unknown	29977/udp	0.001961
unknown	30263/udp	0.001961
unknown	30544/udp	0.001961
unknown	30656/udp	0.001961
unknown	30697/udp	0.001961
unknown	30704/udp	0.001961
unknown	30975/udp	0.001961
unknown	31059/udp	0.001961
unknown	31109/udp	0.001961
unknown	31189/udp	0.001961
unknown	31195/udp	0.001961
unknown	31365/udp	0.001961
unknown	31625/udp	0.001961
unknown	31731/udp	0.001961
unknown	32345/udp	0.001961
unknown	32385/udp	0.001961
unknown	32528/udp	0.001961
alta-ana-lm	1346/udp	0.001928
fpo-fns	1066/tcp	0.001901
cognex-insight	1069/tcp	0.001901
ftp-data	20/udp	0.001878
apple-xsrvr-admin	625/tcp	0.001869
asip-webadmin	311/tcp	0.001857
compressnet	2/udp	0.001845
http-mgmt	280/tcp	0.001844
unknown	254/tcp	0.001832
sometimes-rpc24	32780/udp	0.001812
cycleserv2	772/udp	0.001796
fasttrack	1214/udp	0.001796
remoteanything	4000/tcp	0.001794
snmp-tcp-port	1993/udp	0.001779
landesk-rc	1761/tcp	0.001756
filemaker	5003/tcp	0.001756
globe	2002/tcp	0.001744
x25-svc-port	1998/tcp	0.001731
deslogin	2005/tcp	0.001731
genie	402/udp	0.001730
iad3	1032/tcp	0.001719
notify	773/udp	0.001713
Trinoo_Register	31335/udp	0.001706
java-or-OTGfileshare	1050/tcp	0.001669
acmaint_dbd	774/udp	0.001664
dtspc	6112/tcp	0.001656
unknown	814/udp	0.001652
unknown	838/udp	0.001652
ideafarm-panic	903/udp	0.001652
unknown	965/udp	0.001652
unknown	1007/udp	0.001652
wfremotertm	1046/udp	0.001652
cma	1050/udp	0.001652
remote-as	1053/udp	0.001652
ansyslmd	1055/udp	0.001652
startron	1057/udp	0.001652
polestar	1060/udp	0.001652
pvuniwien	1081/udp	0.001652
mctp	1100/udp	0.001652
ftranhc	1105/udp	0.001652
hpvmmcontrol	1124/udp	0.001652
search-agent	1234/udp	0.001652
enl	1804/udp	0.001652
nati-logos	2343/udp	0.001652
ups-engine	3664/udp	0.001652
X11:2	6002/udp	0.001652
x11	6050/udp	0.001652
irdmi	8000/udp	0.001652
unknown	8010/udp	0.001652
cslistener	9000/udp	0.001652
etlservicemgr	9001/udp	0.001652
unknown	9877/udp	0.001652
nimreg	1059/udp	0.001647
ingreslock	1524/udp	0.001647
rplay	5555/udp	0.001615
svn	3690/tcp	0.001597
telelpathstart	5010/udp	0.001582
sometimes-rpc20	32778/udp	0.001577
oracle	1521/tcp	0.001568
Trinoo_Bcast	27444/udp	0.001554
unknown	32798/udp	0.001554
unknown	33030/udp	0.001554
unknown	33249/udp	0.001554
unknown	33459/udp	0.001554
unknown	33717/udp	0.001554
unknown	33866/udp	0.001554
unknown	33872/udp	0.001554
unknown	34038/udp	0.001554
unknown	34079/udp	0.001554
unknown	34358/udp	0.001554
unknown	34422/udp	0.001554
unknown	34433/udp	0.001554
unknown	34570/udp	0.001554
unknown	34577/udp	0.001554
unknown	34578/udp	0.001554
unknown	34579/udp	0.001554
unknown	34580/udp	0.001554
unknown	34758/udp	0.001554
unknown	34796/udp	0.001554
unknown	34855/udp	0.001554
unknown	35702/udp	0.001554
unknown	35794/udp	0.001554
unknown	36108/udp	0.001554
unknown	36384/udp	0.001554
unknown	36458/udp	0.001554
unknown	36489/udp	0.001554
unknown	36669/udp	0.001554
unknown	36778/udp	0.001554
unknown	36893/udp	0.001554
unknown	36945/udp	0.001554
unknown	37144/udp	0.001554
unknown	37212/udp	0.001554
unknown	37393/udp	0.001554
unknown	37602/udp	0.001554
unknown	37761/udp	0.001554
unknown	37783/udp	0.001554
unknown	37813/udp	0.001554
unknown	37843/udp	0.001554
unknown	38063/udp	0.001554
unknown	38412/udp	0.001554
unknown	38498/udp	0.001554
unknown	38615/udp	0.001554
unknown	39217/udp	0.001554
unknown	39632/udp	0.001554
unknown	39683/udp	0.001554
unknown	39714/udp	0.001554
unknown	39723/udp	0.001554
unknown	40019/udp	0.001554
unknown	40539/udp	0.001554
unknown	40622/udp	0.001554
unknown	40711/udp	0.001554
unknown	40724/udp	0.001554
unknown	40805/udp	0.001554
unknown	40847/udp	0.001554
unknown	40866/udp	0.001554
unknown	41308/udp	0.001554
unknown	41446/udp	0.001554
unknown	41638/udp	0.001554
unknown	41702/udp	0.001554
unknown	41774/udp	0.001554
unknown	41896/udp	0.001554
unknown	41967/udp	0.001554
unknown	41971/udp	0.001554
unknown	42056/udp	0.001554
unknown	42313/udp	0.001554
unknown	42431/udp	0.001554
unknown	42434/udp	0.001554
unknown	42557/udp	0.001554
unknown	42577/udp	0.001554
unknown	42627/udp	0.001554
unknown	42639/udp	0.001554
unknown	43094/udp	0.001554
unknown	43195/udp	0.001554
unknown	43370/udp	0.001554
unknown	43514/udp	0.001554
unknown	43686/udp	0.001554
unknown	43824/udp	0.001554
unknown	43967/udp	0.001554
unknown	44101/udp	0.001554
unknown	44160/udp	0.001554
unknown	44179/udp	0.001554
unknown	44185/udp	0.001554
unknown	44190/udp	0.001554
unknown	44253/udp	0.001554
unknown	44334/udp	0.001554
unknown	44508/udp	0.001554
unknown	44923/udp	0.001554
unknown	44946/udp	0.001554
unknown	45247/udp	0.001554
unknown	45380/udp	0.001554
unknown	45685/udp	0.001554
unknown	45722/udp	0.001554
unknown	45818/udp	0.001554
unknown	45928/udp	0.001554
unknown	46093/udp	0.001554
unknown	46532/udp	0.001554
unknown	46836/udp	0.001554
unknown	47765/udp	0.001554
unknown	47772/udp	0.001554
bacnet	47808/udp	0.001554
unknown	47915/udp	0.001554
unknown	47981/udp	0.001554
unknown	48078/udp	0.001554
unknown	48189/udp	0.001554
unknown	48255/udp	0.001554
unknown	48455/udp	0.001554
unknown	48489/udp	0.001554
unknown	48761/udp	0.001554
confluent	1484/udp	0.001549
compressnet	3/udp	0.001532
apc-agent	2161/tcp	0.001521
socks	1080/tcp	0.001518
X11:2	6002/tcp	0.001518
instl_boots	1067/udp	0.001516
unknown	49155/udp	0.001506
unknown	49177/udp	0.001506
unknown	49178/udp	0.001506
unknown	49214/udp	0.001506
unknown	49216/udp	0.001506
unknown	49220/udp	0.001506
unknown	49222/udp	0.001506
unknown	49226/udp	0.001506
unknown	49259/udp	0.001506
unknown	49262/udp	0.001506
unknown	49306/udp	0.001506
unknown	49350/udp	0.001506
unknown	49360/udp	0.001506
unknown	49393/udp	0.001506
unknown	49396/udp	0.001506
unknown	49640/udp	0.001506
unknown	49968/udp	0.001506
unknown	50099/udp	0.001506
unknown	50164/udp	0.001506
unknown	50497/udp	0.001506
unknown	50708/udp	0.001506
unknown	50919/udp	0.001506
unknown	51255/udp	0.001506
unknown	51456/udp	0.001506
unknown	51554/udp	0.001506
unknown	51586/udp	0.001506
unknown	51690/udp	0.001506
unknown	51905/udp	0.001506
unknown	51972/udp	0.001506
unknown	52144/udp	0.001506
unknown	53006/udp	0.001506
unknown	53037/udp	0.001506
unknown	53589/udp	0.001506
unknown	53838/udp	0.001506
unknown	54094/udp	0.001506
unknown	54114/udp	0.001506
unknown	54711/udp	0.001506
unknown	54807/udp	0.001506
unknown	54925/udp	0.001506
unknown	55043/udp	0.001506
unknown	55544/udp	0.001506
unknown	55587/udp	0.001506
unknown	57172/udp	0.001506
unknown	57409/udp	0.001506
unknown	57410/udp	0.001506
unknown	57813/udp	0.001506
unknown	57843/udp	0.001506
unknown	57958/udp	0.001506
unknown	57977/udp	0.001506
unknown	58075/udp	0.001506
unknown	58178/udp	0.001506
unknown	58419/udp	0.001506
unknown	58797/udp	0.001506
unknown	59193/udp	0.001506
unknown	59207/udp	0.001506
unknown	59765/udp	0.001506
unknown	59846/udp	0.001506
unknown	60172/udp	0.001506
unknown	60381/udp	0.001506
unknown	60423/udp	0.001506
unknown	61024/udp	0.001506
unknown	61142/udp	0.001506
unknown	61319/udp	0.001506
unknown	61322/udp	0.001506
unknown	61412/udp	0.001506
unknown	61481/udp	0.001506
unknown	61550/udp	0.001506
unknown	61685/udp	0.001506
unknown	61961/udp	0.001506
unknown	62154/udp	0.001506
unknown	62575/udp	0.001506
unknown	62677/udp	0.001506
unknown	62699/udp	0.001506
unknown	62958/udp	0.001506
unknown	63420/udp	0.001506
unknown	64080/udp	0.001506
unknown	64481/udp	0.001506
unknown	64590/udp	0.001506
unknown	64727/udp	0.001506
cvspserver	2401/tcp	0.001480
iss-realsecure	902/tcp	0.001468
lockd	4045/tcp	0.001468
nim	1058/udp	0.001466
qsc	787/tcp	0.001455
nsrexecd	7937/tcp	0.001455
edonkey	4666/udp	0.001450
teedtap	559/udp	0.001433
vat-control	3457/udp	0.001433
esl-lm	1455/udp	0.001417
nim	1058/tcp	0.001380
ms-olap4	2383/tcp	0.001369
netcheque	4008/udp	0.001367
sometimes-rpc5	32771/tcp	0.001367
at-7	207/udp	0.001351
omserv	764/udp	0.001351
netinfo	1033/tcp	0.001342
netsaint	1040/tcp	0.001342
nimreg	1059/tcp	0.001342
valisys-lm	1457/udp	0.001334
msdp	639/udp	0.001321
rmc	657/udp	0.001321
nmap	689/udp	0.001321
unknown	789/udp	0.001321
unknown	826/udp	0.001321
unknown	944/udp	0.001321
unknown	1013/udp	0.001321
unknown	1020/udp	0.001321
optima-vnet	1051/udp	0.001321
gmrupdateserv	1070/udp	0.001321
cardax	1072/udp	0.001321
cplscrambler-in	1087/udp	0.001321
cplscrambler-al	1088/udp	0.001321
pt2-discover	1101/udp	0.001321
scol	1200/udp	0.001321
apc-2161	2161/udp	0.001321
dbm	2345/udp	0.001321
digiman	2362/udp	0.001321
rib-slm	3296/udp	0.001321
ms-cluster-net	3343/udp	0.001321
jmb-cds1	8900/udp	0.001321
unknown	9370/udp	0.001321
unknown	16086/udp	0.001321
mbap	502/udp	0.001318
ibm-db2	50000/tcp	0.001317
unknown	16420/udp	0.001307
unknown	16433/udp	0.001307
unknown	16449/udp	0.001307
unknown	16498/udp	0.001307
unknown	16503/udp	0.001307
unknown	16545/udp	0.001307
unknown	16548/udp	0.001307
unknown	16573/udp	0.001307
unknown	16674/udp	0.001307
unknown	16697/udp	0.001307
unknown	16700/udp	0.001307
unknown	16708/udp	0.001307
unknown	16711/udp	0.001307
unknown	16739/udp	0.001307
unknown	16766/udp	0.001307
unknown	16779/udp	0.001307
unknown	16786/udp	0.001307
unknown	16816/udp	0.001307
unknown	16829/udp	0.001307
unknown	16838/udp	0.001307
unknown	16839/udp	0.001307
unknown	16862/udp	0.001307
unknown	16896/udp	0.001307
unknown	16912/udp	0.001307
unknown	16919/udp	0.001307
unknown	16938/udp	0.001307
unknown	16939/udp	0.001307
unknown	16948/udp	0.001307
unknown	16970/udp	0.001307
unknown	16972/udp	0.001307
unknown	16974/udp	0.001307
unknown	17006/udp	0.001307
unknown	17018/udp	0.001307
unknown	17077/udp	0.001307
unknown	17101/udp	0.001307
unknown	17146/udp	0.001307
unknown	17184/udp	0.001307
unknown	17205/udp	0.001307
unknown	17207/udp	0.001307
chipper	17219/udp	0.001307
unknown	17236/udp	0.001307
unknown	17237/udp	0.001307
unknown	17282/udp	0.001307
unknown	17302/udp	0.001307
unknown	17321/udp	0.001307
unknown	17331/udp	0.001307
unknown	17332/udp	0.001307
unknown	17338/udp	0.001307
unknown	17359/udp	0.001307
unknown	17417/udp	0.001307
unknown	17423/udp	0.001307
unknown	17424/udp	0.001307
unknown	17468/udp	0.001307
unknown	17487/udp	0.001307
unknown	17490/udp	0.001307
unknown	17494/udp	0.001307
unknown	17505/udp	0.001307
unknown	17533/udp	0.001307
unknown	17549/udp	0.001307
unknown	17580/udp	0.001307
unknown	17585/udp	0.001307
unknown	17592/udp	0.001307
unknown	17605/udp	0.001307
unknown	17629/udp	0.001307
unknown	17638/udp	0.001307
unknown	17663/udp	0.001307
unknown	17673/udp	0.001307
unknown	17674/udp	0.001307
unknown	17683/udp	0.001307
unknown	17726/udp	0.001307
zep	17754/udp	0.001307
unknown	17762/udp	0.001307
unknown	17787/udp	0.001307
unknown	17814/udp	0.001307
unknown	17823/udp	0.001307
unknown	17824/udp	0.001307
unknown	17836/udp	0.001307
unknown	17845/udp	0.001307
unknown	17946/udp	0.001307
unknown	18081/udp	0.001307
unknown	18113/udp	0.001307
unknown	18134/udp	0.001307
unknown	18156/udp	0.001307
unknown	18228/udp	0.001307
unknown	18250/udp	0.001307
unknown	18255/udp	0.001307
unknown	18258/udp	0.001307
unknown	18319/udp	0.001307
unknown	18373/udp	0.001307
unknown	18485/udp	0.001307
unknown	18543/udp	0.001307
unknown	18605/udp	0.001307
unknown	18617/udp	0.001307
unknown	18666/udp	0.001307
unknown	18669/udp	0.001307
unknown	18676/udp	0.001307
unknown	18683/udp	0.001307
unknown	18807/udp	0.001307
unknown	18818/udp	0.001307
unknown	18821/udp	0.001307
unknown	18830/udp	0.001307
unknown	18832/udp	0.001307
unknown	18869/udp	0.001307
unknown	18883/udp	0.001307
apc-necmp	18888/udp	0.001307
unknown	18958/udp	0.001307
unknown	18985/udp	0.001307
unknown	18987/udp	0.001307
unknown	18991/udp	0.001307
unknown	18994/udp	0.001307
unknown	18996/udp	0.001307
unknown	19022/udp	0.001307
unknown	19047/udp	0.001307
unknown	19075/udp	0.001307
unknown	19096/udp	0.001307
unknown	19140/udp	0.001307
unknown	19141/udp	0.001307
unknown	19154/udp	0.001307
unknown	19161/udp	0.001307
unknown	19181/udp	0.001307
unknown	19193/udp	0.001307
unknown	19222/udp	0.001307
unknown	19227/udp	0.001307
unknown	19273/udp	0.001307
keyshadow	19315/udp	0.001307
unknown	19374/udp	0.001307
unknown	19415/udp	0.001307
unknown	19482/udp	0.001307
unknown	19500/udp	0.001307
unknown	19504/udp	0.001307
jcp	19541/udp	0.001307
unknown	19605/udp	0.001307
unknown	19624/udp	0.001307
unknown	19625/udp	0.001307
unknown	19632/udp	0.001307
unknown	19639/udp	0.001307
unknown	19647/udp	0.001307
unknown	19650/udp	0.001307
unknown	19660/udp	0.001307
unknown	19662/udp	0.001307
unknown	19663/udp	0.001307
unknown	19683/udp	0.001307
unknown	19695/udp	0.001307
unknown	19707/udp	0.001307
unknown	19717/udp	0.001307
unknown	19718/udp	0.001307
unknown	19719/udp	0.001307
unknown	19722/udp	0.001307
unknown	19728/udp	0.001307
unknown	19789/udp	0.001307
unknown	19792/udp	0.001307
unknown	19935/udp	0.001307
unknown	19936/udp	0.001307
unknown	19956/udp	0.001307
unknown	19995/udp	0.001307
unknown	19998/udp	0.001307
commtact-https	20003/udp	0.001307
unknown	20082/udp	0.001307
unknown	20117/udp	0.001307
unknown	20120/udp	0.001307
unknown	20129/udp	0.001307
unknown	20146/udp	0.001307
unknown	20154/udp	0.001307
unknown	20164/udp	0.001307
unknown	20206/udp	0.001307
unknown	20217/udp	0.001307
unknown	20249/udp	0.001307
unknown	20262/udp	0.001307
unknown	20279/udp	0.001307
unknown	20288/udp	0.001307
unknown	20309/udp	0.001307
unknown	20313/udp	0.001307
unknown	20326/udp	0.001307
unknown	20360/udp	0.001307
unknown	20366/udp	0.001307
unknown	20380/udp	0.001307
unknown	20409/udp	0.001307
unknown	20411/udp	0.001307
unknown	20423/udp	0.001307
unknown	20424/udp	0.001307
unknown	20425/udp	0.001307
unknown	20445/udp	0.001307
unknown	20449/udp	0.001307
unknown	20464/udp	0.001307
unknown	20465/udp	0.001307
unknown	20518/udp	0.001307
unknown	20522/udp	0.001307
unknown	20525/udp	0.001307
unknown	20540/udp	0.001307
unknown	20560/udp	0.001307
unknown	20665/udp	0.001307
unknown	20678/udp	0.001307
unknown	20679/udp	0.001307
unknown	20710/udp	0.001307
unknown	20717/udp	0.001307
unknown	20742/udp	0.001307
unknown	20752/udp	0.001307
unknown	20762/udp	0.001307
unknown	20791/udp	0.001307
unknown	20817/udp	0.001307
unknown	20842/udp	0.001307
unknown	20848/udp	0.001307
unknown	20851/udp	0.001307
unknown	20865/udp	0.001307
unknown	20872/udp	0.001307
unknown	20876/udp	0.001307
unknown	20884/udp	0.001307
unknown	20919/udp	0.001307
irtrans	21000/udp	0.001307
unknown	21016/udp	0.001307
unknown	21060/udp	0.001307
unknown	21083/udp	0.001307
unknown	21104/udp	0.001307
unknown	21111/udp	0.001307
unknown	21167/udp	0.001307
unknown	21186/udp	0.001307
unknown	21206/udp	0.001307
unknown	21207/udp	0.001307
unknown	21247/udp	0.001307
unknown	21282/udp	0.001307
unknown	21303/udp	0.001307
unknown	21318/udp	0.001307